{"cameraMode":{"drawMode":0,"name":"Shaded","section":"Shading Mode"},"sceneLighting":false,"audioPlay":false,"sceneViewState":{"showFog":true,"showMaterialUpdate":false,"showSkybox":false,"showFlares":true,"showImageEffects":true,"showParticleSystems":true},"in2DMode":false,"pivot":{"x":0.0,"y":1.30385160446167e-7,"z":0.8764472007751465},"rotation":{"x":0.4686395525932312,"y":-0.053213607519865039,"z":0.028294211253523828,"w":0.8813450336456299},"size":0.8883972764015198,"orthographic":false}