{"cameraMode":{"drawMode":0,"name":"Shaded","section":"Shading Mode"},"sceneLighting":false,"audioPlay":false,"sceneViewState":{"showFog":true,"showMaterialUpdate":false,"showSkybox":false,"showFlares":true,"showImageEffects":true,"showParticleSystems":true},"in2DMode":false,"pivot":{"x":-5.981583118438721,"y":-0.11410772800445557,"z":10.351588249206543},"rotation":{"x":0.08153814822435379,"y":0.0950089693069458,"z":-0.007798236329108477,"w":0.9921273589134216},"size":8.16445255279541,"orthographic":false}