{"cameraMode":{"drawMode":0,"name":"Shaded","section":"Shading Mode"},"sceneLighting":true,"audioPlay":false,"sceneViewState":{"showFog":true,"showMaterialUpdate":false,"showSkybox":true,"showFlares":true,"showImageEffects":true,"showParticleSystems":true},"in2DMode":false,"pivot":{"x":3.139904737472534,"y":42.667327880859378,"z":60.09176254272461},"rotation":{"x":-0.0006451790686696768,"y":0.9711315035820007,"z":-0.23857662081718446,"w":-0.002626356901600957},"size":52.9765510559082,"orthographic":true}