{"cameraMode":{"drawMode":0,"name":"Shaded","section":"Shading Mode"},"sceneLighting":true,"audioPlay":false,"sceneViewState":{"showFog":true,"showMaterialUpdate":false,"showSkybox":true,"showFlares":true,"showImageEffects":true,"showParticleSystems":true},"in2DMode":false,"pivot":{"x":-33.9627799987793,"y":-154.1352996826172,"z":99.29393005371094},"rotation":{"x":0.4686395525932312,"y":-0.053213607519865039,"z":0.028294211253523828,"w":0.8813450336456299},"size":300.6495361328125,"orthographic":false}