{"cameraMode":{"drawMode":0,"name":"Shaded","section":"Shading Mode"},"sceneLighting":false,"audioPlay":false,"sceneViewState":{"showFog":true,"showMaterialUpdate":false,"showSkybox":false,"showFlares":true,"showImageEffects":true,"showParticleSystems":true},"in2DMode":false,"pivot":{"x":-2.9802322387695315e-8,"y":-0.000014796853065490723,"z":0.7856922745704651},"rotation":{"x":0.4686395525932312,"y":-0.053213607519865039,"z":0.028294211253523828,"w":0.8813450336456299},"size":0.8104050755500794,"orthographic":false}