{"cameraMode":{"drawMode":0,"name":"Shaded","section":"Shading Mode"},"sceneLighting":false,"audioPlay":false,"sceneViewState":{"showFog":true,"showMaterialUpdate":false,"showSkybox":false,"showFlares":true,"showImageEffects":true,"showParticleSystems":true},"in2DMode":false,"pivot":{"x":13.792872428894043,"y":0.5247890949249268,"z":5.129794120788574},"rotation":{"x":-0.10693702101707459,"y":-0.5416337251663208,"z":0.06971268355846405,"w":-0.83088618516922},"size":11.10012149810791,"orthographic":false}