{"cameraMode":{"drawMode":0,"name":"Shaded","section":"Shading Mode"},"sceneLighting":false,"audioPlay":false,"sceneViewState":{"showFog":true,"showMaterialUpdate":false,"showSkybox":false,"showFlares":true,"showImageEffects":true,"showParticleSystems":true},"in2DMode":false,"pivot":{"x":-8.778223991394043,"y":7.576689720153809,"z":-4.342436790466309},"rotation":{"x":0.10584947466850281,"y":0.702477753162384,"z":-0.10688631236553192,"w":0.6956433653831482},"size":11.298831939697266,"orthographic":false}