{"cameraMode":{"drawMode":0,"name":"Shaded","section":"Shading Mode"},"sceneLighting":true,"audioPlay":false,"sceneViewState":{"showFog":true,"showMaterialUpdate":false,"showSkybox":true,"showFlares":true,"showImageEffects":true,"showParticleSystems":true},"in2DMode":false,"pivot":{"x":-0.4957590103149414,"y":-17.624919891357423,"z":-8.832199096679688},"rotation":{"x":0.22395169734954835,"y":-0.01607983559370041,"z":0.0036960497964173557,"w":0.9744632840156555},"size":54.24235153198242,"orthographic":false}