{"cameraMode":{"drawMode":0,"name":"Shaded","section":"Shading Mode"},"sceneLighting":false,"audioPlay":false,"sceneViewState":{"showFog":true,"showMaterialUpdate":false,"showSkybox":false,"showFlares":true,"showImageEffects":true,"showParticleSystems":true},"in2DMode":false,"pivot":{"x":1.3286371231079102,"y":0.10192537307739258,"z":-0.7873735427856445},"rotation":{"x":-0.11248325556516648,"y":0.7531148195266724,"z":-0.1335442066192627,"w":-0.6343244314193726},"size":3.688046932220459,"orthographic":false}