{"cameraMode":{"drawMode":0,"name":"Shaded","section":"Shading Mode"},"sceneLighting":false,"audioPlay":false,"sceneViewState":{"showFog":true,"showMaterialUpdate":false,"showSkybox":false,"showFlares":true,"showImageEffects":true,"showParticleSystems":true},"in2DMode":false,"pivot":{"x":1.5390405654907227,"y":-0.904744029045105,"z":-1.5842032432556153},"rotation":{"x":0.05567709729075432,"y":0.6037988662719727,"z":-0.04233485832810402,"w":0.7940754890441895},"size":12.537368774414063,"orthographic":false}