{"cameraMode":{"drawMode":0,"name":"Shaded","section":"Shading Mode"},"sceneLighting":false,"audioPlay":false,"sceneViewState":{"showFog":true,"showMaterialUpdate":false,"showSkybox":false,"showFlares":true,"showImageEffects":true,"showParticleSystems":true},"in2DMode":false,"pivot":{"x":-4.515619277954102,"y":1.861935019493103,"z":4.336054801940918},"rotation":{"x":-0.07093125581741333,"y":-0.01634739153087139,"z":-0.0011604054598137737,"w":0.9973573684692383},"size":5.507716655731201,"orthographic":false}