{"cameraMode":{"drawMode":0,"name":"Shaded","section":"Shading Mode"},"sceneLighting":false,"audioPlay":false,"sceneViewState":{"showFog":true,"showMaterialUpdate":false,"showSkybox":false,"showFlares":true,"showImageEffects":true,"showParticleSystems":true},"in2DMode":false,"pivot":{"x":-13.114448547363282,"y":1.3704400062561036,"z":-7.796728134155273},"rotation":{"x":0.008024752140045166,"y":-0.9445620775222778,"z":0.023146919906139375,"w":0.32746997475624087},"size":11.565703392028809,"orthographic":false}