{"cameraMode":{"drawMode":0,"name":"Shaded","section":"Shading Mode"},"sceneLighting":true,"audioPlay":false,"sceneViewState":{"showFog":true,"showMaterialUpdate":false,"showSkybox":true,"showFlares":true,"showImageEffects":true,"showParticleSystems":true},"in2DMode":false,"pivot":{"x":260.82000732421877,"y":28.899993896484376,"z":0.0},"rotation":{"x":-0.276800274848938,"y":0.017271969467401506,"z":-0.005001853685826063,"w":-0.9607948660850525},"size":348.6666259765625,"orthographic":false}